{
    "optimal_threshold": 0.14978571816686675,
    "recall": 0.868421052631579,
    "f1": 0.4258064516129032,
    "precision": 0.28205128205128205
}